Title,Date
The Smurfs 2,12/12/14
All I Want for Christmas,12/12/14
Cloud 9,10/4/14
High School Musical 2,8/31/14
The Gabby Douglas Story,8/30/14
Princess: A Modern Fairytale,8/22/14
Open Season 2,8/15/14
Jumanji,8/14/14
Geek Charming,8/13/14
Ever After: A Cinderella Story,8/13/14
High School Musical 2,8/13/14
High School Musical 2,8/13/14
Ella Enchanted,8/13/14
Let It Shine,7/28/14
The Suite Life Movie,7/24/14
A Mile in His Shoes,7/23/14
The 5th Quarter,7/23/14
High School Musical,7/20/14
The Karate Kid,7/19/14
Teen Beach Movie,7/17/14
High School Musical,7/13/14
