Title,Date
"We Bare Bears: Season 3: Panda's Friend","3/13/21"
"We Bare Bears: Season 3: Anger Management","3/13/21"
"We Bare Bears: Season 3: Subway","3/13/21"
"Record of Youth: Season 1: Episode 8","3/12/21"
"Record of Youth: Season 1: Episode 7","3/12/21"
"Record of Youth: Season 1: Episode 6","3/12/21"
"Record of Youth: Season 1: Episode 5","3/12/21"
"Record of Youth: Season 1: Episode 4","3/12/21"
"Record of Youth: Season 1: Episode 3","3/11/21"
"Record of Youth: Season 1: Episode 2","3/11/21"
"Record of Youth: Season 1: Episode 1","3/11/21"
"Pucca: Love Recipe: Season 1: The Sooga Island Cooking Competition","3/9/21"
"Barbie Life in the Dreamhouse: Season 1: Best of Dreamhouse","3/9/21"
"Barbie Life in the Dreamhouse: Season 1: Perf Pool Party & Trapped in the Dreamhouse","3/9/21"
"We Bare Bears: Season 4: Panda's Birthday","3/8/21"
"We Bare Bears: Season 4: Tabes & Charlie","3/8/21"
"We Bare Bears: Season 4: Band of Outsiders","3/8/21"
"We Bare Bears: Season 4: The Mummy's Curse","3/7/21"
"We Bare Bears: Season 4: Lord of the Poppies","3/7/21"
"We Bare Bears: Season 4: Cousin Jon","3/7/21"
"We Bare Bears: Season 4: Bros in the City","3/7/21"
"Lu Over the Wall","3/5/21"
"Murder Among the Mormons: Limited Series: Episode 1","3/5/21"
"We Bare Bears: Season 4: Sandcastle","3/5/21"
"We Bare Bears: Season 4: Snake Babies","3/5/21"
"We Bare Bears: Season 4: Shmorby","3/5/21"
"We Bare Bears: Season 4: Ranger Norm","3/4/21"
"We Bare Bears: Season 4: Fire!","3/4/21"
"We Bare Bears: Season 4: Baby Orphan Ninja Bears","3/4/21"
"We Bare Bears: Season 4: Bubble","3/3/21"
"We Bare Bears: Season 4: The Gym","3/3/21"
"We Bare Bears: Season 4: Ramen","3/3/21"
"We Bare Bears: Season 4: Tunnels","3/3/21"
"We Bare Bears: Season 4: The Mall","3/3/21"
"We Bare Bears: Season 4: Imaginary Friend","3/2/21"
"We Bare Bears: Season 4: Christmas Movies","3/2/21"
"We Bare Bears: Season 4: Braces","3/2/21"
"We Bare Bears: Season 4: Wingmen","3/2/21"
"We Bare Bears: Season 4: Adopted","3/1/21"
"We Bare Bears: Season 4: Pizza Band","3/1/21"
"We Bare Bears: Season 4: Escandalosos","3/1/21"
"We Bare Bears: Season 4: Charlie's Halloween Thing 2","3/1/21"
"We Bare Bears: Season 4: El Oso","3/1/21"
"We Bare Bears: Season 4: Rescue Ranger","2/28/21"
"We Bare Bears: Season 3: Ranger Games","2/28/21"
"We Bare Bears: Season 4: Money Man","2/28/21"
"We Bare Bears: Season 3: Best Bears","2/28/21"
"We Bare Bears: Season 3: Family Troubles","2/28/21"
"Mary and The Witch's Flower","2/28/21"
"We Bare Bears: Season 3: I, Butler","2/28/21"
"We Bare Bears: Season 3: Lil' Squid","2/28/21"
"We Bare Bears: Season 3: Bear Squad","2/28/21"
"We Bare Bears: Season 3: Paperboyz","2/28/21"
"We Bare Bears: Season 3: Googs","2/28/21"
"We Bare Bears: Season 3: Teacher's Pet","2/28/21"
"We Bare Bears: Season 3: Go Fish","2/28/21"
"We Bare Bears: Season 3: Baby Bears Can't Jump","2/28/21"
"We Bare Bears: Season 3: I Am Ice Bear","2/28/21"
"The Great British Baking Show: Collection 3: Final","2/28/21"
"The Great British Baking Show: Collection 3: Chocolate","2/28/21"
"The Great British Baking Show: Collection 3: Patisserie","2/28/21"
"We Bare Bears: Season 3: The Park","2/27/21"
"We Bare Bears: Season 3: Beehive","2/27/21"
"We Bare Bears: Season 3: Vacation","2/27/21"
"We Bare Bears: Season 3: Hurricane Hal","2/27/21"
"We Bare Bears: Season 3: Bro Brawl","2/27/21"
"We Bare Bears: Season 3: The Perfect Tree","2/27/21"
"We Bare Bears: Season 3: Bearz II Men","2/27/21"
"We Bare Bears: Season 3: Lazer Royale","2/26/21"
"We Bare Bears: Season 3: Tubin'","2/26/21"
"We Bare Bears: Season 3: Panda 2","2/26/21"
"We Bare Bears: Season 3: Pigeons","2/26/21"
"We Bare Bears: Season 3: Bunnies","2/26/21"
"We Bare Bears: Season 3: Charlie's Halloween Thing","2/26/21"
"We Bare Bears: Season 3: Spa Day","2/26/21"
"We Bare Bears: Season 3: Ice Cave","2/26/21"
"We Bare Bears: Season 3: The Nom Nom Show","2/26/21"
"We Bare Bears: Season 3: Bear Lift","2/26/21"
"We Bare Bears: Season 3: Dog Hotel","2/25/21"
"We Bare Bears: Season 3: Icy Nights II","2/25/21"
"We Bare Bears: Season 3: Dance Lessons","2/25/21"
"We Bare Bears: Season 3: Citizen Tabes","2/25/21"
"We Bare Bears: Season 3: Kyle","2/25/21"
"We Bare Bears: Season 3: Crowbar Jones","2/25/21"
"We Bare Bears: Season 3: The Kitty","2/25/21"
"We Bare Bears: Season 3: Summer Love","2/24/21"
"We Bare Bears: Season 3: Road Trip","2/24/21"
"We Bare Bears: Season 3: Lunch with Tabes","2/24/21"
"We Bare Bears: Season 3: Private Lake","2/24/21"
"We Bare Bears: Season 3: The Fair","2/24/21"
"We Bare Bears: Season 3: Lucy's Brother","2/24/21"
"We Bare Bears: Season 3: Poppy Rangers","2/24/21"
"We Bare Bears: Season 3: Panda's Art","2/24/21"
"We Bare Bears: Season 3: The Demon","2/24/21"
"We Bare Bears: Season 3: Charlie's Big Foot","2/24/21"
"We Bare Bears: Season 3: Coffee Cave","2/24/21"
"We Bare Bears: Season 3: Planet Bears","2/24/21"
"We Bare Bears: Season 3: Ralph","2/24/21"
"We Bare Bears: Season 3: Professor Lampwick","2/22/21"
"We Bare Bears: Season 3: Neighbors","2/21/21"
"We Bare Bears: Season 3: $100","2/21/21"
"We Bare Bears: Season 4: More Everyone's Tube","2/21/21"
"Walt Disney Animation Studios Short Films Collection","2/20/21"
"We Bare Bears: Season 4: The Limo","2/20/21"
"We Bare Bears: Season 4: Mom App","2/20/21"
"We Bare Bears: Season 4: Hot Sauce","2/20/21"
"We Bare Bears: Season 4: Crowbar Jones: Origins","2/20/21"
"Okko's Inn","2/19/21"
"American Factory","2/19/21"
"Rilakkuma and Kaoru: Season 1: Cherry Blossom","2/9/21"
"iCarly: Season 1: iLike Jake","2/9/21"
"iCarly: Season 1: iPilot","2/9/21"
"A Sun","2/7/21"
"Flavorful Origins: Yunnan Cuisine: Sa Piě","2/7/21"
"Flavorful Origins: Yunnan Cuisine: Nan Piě","2/7/21"
"Flavorful Origins: Yunnan Cuisine: Dairy Products","2/7/21"
"Flavorful Origins: Gansu Cuisine: Potato","2/7/21"
"Flavorful Origins: Gansu Cuisine: Niang Pi","2/7/21"
"Flavorful Origins: Gansu Cuisine: Souherb","2/7/21"
"Flavorful Origins: Gansu Cuisine: Gluten","2/7/21"
"Flavorful Origins: Gansu Cuisine: Beef noodles","2/7/21"
"Flavorful Origins: Gansu Cuisine: Gua Gua","2/7/21"
"Flavorful Origins: Gansu Cuisine: Flaxseed","2/7/21"
"Flavorful Origins: Gansu Cuisine: Cooked chopped entrails of sheep","2/7/21"
"Flavorful Origins: Gansu Cuisine: Lily","2/7/21"
"Flavorful Origins: Gansu Cuisine: Mutton","2/7/21"
"If Anything Happens I Love You","2/7/21"
"The Good Detective: Season 1: Episode 1","2/7/21"
"Scott Pilgrim vs. the World","1/31/21"
"BLACKPINK: Light Up the Sky","1/27/21"
"Men on a Mission: 2020: Episode 43","1/27/21"
"Men on a Mission: 2018: Episode 10","1/19/21"
"Voltron: Legendary Defender: Season 1: Return of the Gladiator","1/19/21"
"Voltron: Legendary Defender: Season 1: Some Assembly Required","1/19/21"
"Kung Fu Hustle","1/11/21"
"Blind Detective","1/11/21"
"Numberblocks: Season 5: Sixty's High Score","1/11/21"
"Catch Me If You Can","1/11/21"
"John Mulaney: Kid Gorgeous at Radio City","1/10/21"
"John Mulaney: New in Town","1/7/21"
"John Mulaney: The Comeback Kid","1/7/21"
"Monty Python and the Holy Grail","1/5/21"
"Big Mouth: Season 4: What Are You Gonna Do?","1/4/21"
"Big Mouth: Season 4: Horrority House","1/4/21"
"Big Mouth: Season 4: The Funeral","1/4/21"
"Big Mouth: Season 4: Four Stories About Hand Stuff","1/4/21"
"One-Punch Man: Season 1: The Strongest Hero","1/3/21"
"Voltron: Legendary Defender: Season 1: The Rise of Voltron","1/3/21"
"David Attenborough: A Life on Our Planet","1/2/21"
"Big Mouth: Season 4: Nick Starr","1/1/21"
"The Guardian Brothers","1/1/21"
"The Little Prince","1/1/21"
"Over the Moon","1/1/21"
"Big Mouth: Season 4: A Very Special 9/11 Episode","12/31/20"
"Big Mouth: Season 4: Cafeteria Girls","12/31/20"
"The Wandering Earth","12/31/20"
"Big Mouth: Season 4: Poop Madness","12/28/20"
"Big Mouth: Season 4: The Hugest Period Ever","12/13/20"
"Big Mouth: Season 4: The New Me","12/11/20"
"One-Punch Man: Season 1: The Dominator of the Universe","12/8/20"
"One-Punch Man: Season 1: Unparalleled Peril","12/7/20"
"Yummy Mummies: Season 1: Episode 3","12/5/20"
"Yummy Mummies: Season 1: Episode 2","12/5/20"
"Yummy Mummies: Season 1: Episode 1","12/5/20"
"One-Punch Man: Season 1: Unyielding Justice","12/3/20"
"One-Punch Man: Season 1: The Deep Sea King","12/3/20"
"One-Punch Man: Season 1: The Ultimate Disciple","12/3/20"
"One-Punch Man: Season 1: The Terrifying City","11/28/20"
"The Great British Baking Show: Collection 3: Victorian","11/19/20"
"The Great British Baking Show: Collection 3: Pastry","11/18/20"
"One-Punch Man: Season 1: The Ultimate Mentor","10/31/20"
"One-Punch Man: Season 1: The Modern Ninja","10/31/20"
"One-Punch Man: Season 1: The Obsessive Scientist","10/31/20"
"One-Punch Man: Season 1: The Lone Cyborg","10/31/20"
"One-Punch Man: Season 1: The Strongest Man","10/31/20"
"The Great British Baking Show: Collection 3: Alternative Ingredients","10/25/20"
"The Great British Baking Show: Collection 3: Desserts","10/25/20"
"The Great British Baking Show: The Beginnings: Season 1: Cakes","10/25/20"
"The Queen's Gambit: Limited Series: Openings","10/25/20"
"CoComelon: Season 1: CoComelon  Sing-Alongs: Playdate with JJ","10/24/20"
"The Great British Baking Show: Collection 3: Bread","10/18/20"
"The Great British Baking Show: Collection 3: Biscuits","10/18/20"
"The Great British Baking Show: Collection 3: Cake","10/18/20"
"The Great British Baking Show: Collection 1: Cake","10/17/20"
"The Great British Baking Show: Collection 2: The Final","10/17/20"
"The Great British Baking Show: Collection 2: French Week","10/17/20"
"John Mulaney & The Sack Lunch Bunch","10/17/20"
"Crazy Ex-Girlfriend: Season 1: Josh Just Happens to Live Here!","10/17/20"
"Code Lyoko: Season 1: Image Problème","10/16/20"
"Code Lyoko: Season 1: Cruel dilemma","10/16/20"
"Code Lyoko: Season 1: Big Bug","10/16/20"
"Code Lyoko: Season 1: Logbook","10/16/20"
"Code Lyoko: Season 1: Holiday in the fog","10/16/20"
"Code Lyoko: Season 1: Seeing is believing","10/16/20"
"Code Lyoko: Season 1: Teddygodzilla","10/16/20"
"Portlandia: Season 1: Farm","10/13/20"
"Anne with an E: Season 3: The Better Feelings of My Heart","10/12/20"
"Anne with an E: Season 3: A Dense and Frightful Darkness","10/12/20"
"Anne with an E: Season 3: Great and Sudden Change","10/12/20"
"Anne with an E: Season 3: A Strong Effort of the Spirit of Good","10/12/20"
"Anne with an E: Season 3: The Summit of My Desires","10/12/20"
"Anne with an E: Season 3: I Am Fearless and Therefore Powerful","10/12/20"
"Anne with an E: Season 3: A Hope of Meeting You in Another World","10/12/20"
"Anne with an E: Season 3: What Can Stop the Determined Heart","10/12/20"
"Anne with an E: Season 3: There Is Something at Work in My Soul Which I Do Not Understand","10/12/20"
"Anne with an E: Season 3: A Secret Which I Desired to Divine","10/12/20"
"Anne with an E: Season 2: The Growing Good of the World","10/11/20"
"Anne with an E: Season 2: What We Have Been Makes Us What We Are","10/11/20"
"Anne with an E: Season 2: Struggling Against the Perception of Facts","10/11/20"
"Anne with an E: Season 2: Memory Has as Many Moods as the Temper","10/11/20"
"Anne with an E: Season 2: I Protest Against Any Absolute Conclusion","10/10/20"
"Anne with an E: Season 2: The Determining Acts of Her Life","10/10/20"
"Anne with an E: Season 2: The Painful Eagerness of Unfed Hope","10/10/20"
"Anne with an E: Season 2: The True Seeing Is Within","10/10/20"
"Anne with an E: Season 2: Signs Are Small Measurable Things, But Interpretations Are Illimitable","10/10/20"
"Anne with an E: Season 2: Youth Is the Season of Hope","10/10/20"
"Anne with an E: Season 1: Wherever You Are Is My Home","10/9/20"
"Anne with an E: Season 1: Remorse Is the Poison of Life","10/9/20"
"Anne with an E: Season 1: Tightly Knotted to a Similar String","10/9/20"
"Anne with an E: Season 1: An Inward Treasure Born","10/9/20"
"Anne with an E: Season 1: But What Is So Headstrong as Youth?","10/9/20"
"Anne with an E: Season 1: I Am No Bird, and No Net Ensnares Me","10/7/20"
"Anne with an E: Season 1: Your Will Shall Decide Your Destiny","10/7/20"
"Hunter X Hunter (2011): Season 3: Beloved x and x Beleaguered","9/23/20"
"Hunter X Hunter (2011): Season 4: Ging's Friends x and x True Friends","9/19/20"
"Hunter X Hunter (2011): Season 4: Victor x and x Loser","9/19/20"
"Hunter X Hunter (2011): Season 4: Insanity x and x Sanity","9/19/20"
"Hunter X Hunter (2011): Season 4: Chase x and x Chance","9/19/20"
"Hunter X Hunter (2011): Season 4: Bargain x and x Deal","9/19/20"
"Hunter X Hunter (2011): Season 4: Guts x and x Courage","9/19/20"
"Hunter X Hunter (2011): Season 4: A x Heated x Showdown","9/19/20"
"Hunter X Hunter (2011): Season 4: Pirates x and x Guesses","9/19/20"
"Hunter X Hunter (2011): Season 4: 15 x 15","9/19/20"
"Hunter X Hunter (2011): Season 4: Strategy x and x Scheme","9/19/20"
"Hunter X Hunter (2011): Season 4: Evil Fist x and x Rock-Paper-Scissors","9/19/20"
"Hunter X Hunter (2011): Season 4: Strengthen x and x Threaten","9/19/20"
"Hunter X Hunter (2011): Season 4: A x Hard x Master?","9/19/20"
"Hunter X Hunter (2011): Season 4: Reality? x and x Raw","9/19/20"
"Hunter X Hunter (2011): Season 4: Invitation x and x Friend","9/18/20"
"Hunter X Hunter (2011): Season 4: End x and x Beginning","9/18/20"
"Hunter X Hunter (2011): Season 4: Bid x and x Haste","9/18/20"
"Hunter X Hunter (2011): Season 3: Signal x to x Retreat","9/18/20"
"Hunter X Hunter (2011): Season 3: Initiative x and x Law","9/18/20"
"Hunter X Hunter (2011): Season 3: A x Brutal x Battlefield","9/18/20"
"Hunter X Hunter (2011): Season 3: Ally x and x Sword","9/18/20"
"Hunter X Hunter (2011): Season 3: Pursuit x and x Analysis","9/18/20"
"Hunter X Hunter (2011): Season 3: Very x Sharp x Eye","9/18/20"
"Hunter X Hunter (2011): Season 3: Condition x and x Condition","9/18/20"
"Hunter X Hunter (2011): Season 3: Chasing x and x Waiting","9/18/20"
"Queer Eye: We're in Japan!: Season 1: Bringing Sexy Back","9/18/20"
"Queer Eye: We're in Japan!: Season 1: The Ideal Woman","9/18/20"
"Queer Eye: We're in Japan!: Season 1: Crazy in Love","9/17/20"
"Queer Eye: We're in Japan!: Season 1: Japanese Holiday","9/17/20"
"The Social Dilemma","9/16/20"
"Hunter X Hunter (2011): Season 3: Restraint x and x Vow","9/16/20"
"Hunter X Hunter (2011): Season 3: Buildup x to a x Fierce Battle","9/16/20"
"Hunter X Hunter (2011): Season 3: A x Shocking x Tragedy","9/16/20"
"Hunter X Hunter (2011): Season 3: Defend x and x Attack","9/16/20"
"Hunter X Hunter (2011): Season 3: Gathering x of x Heroes","9/16/20"
"Hunter X Hunter (2011): Season 3: Nen x Users x Unite?","9/16/20"
"Hunter X Hunter (2011): Season 3: Wish x and x Promise","9/14/20"
"Hunter X Hunter (2011): Season 2: Reply x from x Dad","9/14/20"
"Hunter X Hunter (2011): Season 2: Ging x and x Gon","9/14/20"
"Hunter X Hunter (2011): Season 2: A Big Debt x and x a Small Kick","9/14/20"
"Hunter X Hunter (2011): Season 2: The x True x Pass","9/10/20"
"Hunter X Hunter (2011): Season 2: Power x to x Avenge","9/10/20"
"Hunter X Hunter (2011): Season 2: An x Empty x Threat","9/10/20"
"Hunter X Hunter (2011): Season 2: A x Surprising x Win","9/10/20"
"Hunter X Hunter (2011): Season 2: Destiny x and x Tenacity","9/9/20"
"Hunter X Hunter (2011): Season 2: Fierce x and x Ferocious","9/9/20"
"Hunter X Hunter (2011): Season 2: Awakening x and x Potential","9/9/20"
"Hunter X Hunter (2011): Season 2: Nen x and x Nen","9/9/20"
"Hunter X Hunter (2011): Season 2: Arrival x at x the Arena","9/9/20"
"Hunter X Hunter (2011): Season 1: Can't See x if x You're Blind","9/6/20"
"Hunter X Hunter (2011): Season 1: The x Zoldyck x Family","9/6/20"
"Hunter X Hunter (2011): Season 1: The x Guard's x Duty","9/6/20"
"Hunter X Hunter (2011): Season 1: A x Dangerous x Watchdog","9/6/20"
"Hunter X Hunter (2011): Season 1: Some x Brother x Trouble","9/6/20"
"Hunter X Hunter (2011): Season 1: Baffling Turn x of x Events","9/6/20"
"Hunter X Hunter (2011): Season 1: Can't Win x But x Can't Lose","9/6/20"
"Hunter X Hunter (2011): Season 1: Big x Time x Interview","9/6/20"
"Hunter X Hunter (2011): Season 1: Trap x in x the Hole","9/6/20"
"Hunter X Hunter (2011): Season 1: Defeat x and x Disgrace","9/6/20"
"Hunter X Hunter (2011): Season 1: Scramble x of x Deception","9/6/20"
"Hunter X Hunter (2011): Season 1: Hit x the x Target","9/6/20"
"Hunter X Hunter (2011): Season 1: Letter x from x Gon","9/6/20"
"Hunter X Hunter (2011): Season 1: Last Test x of x Resolve","9/6/20"
"Hunter X Hunter (2011): Season 1: Trouble x with x the Gamble","9/6/20"
"Hunter X Hunter (2011): Season 1: Trick x to x the Trick","9/6/20"
"Hunter X Hunter (2011): Season 1: Beware x of x Prisoners","9/6/20"
"Hunter X Hunter (2011): Season 1: Solution x Is x Majority Rules?","9/6/20"
"Hunter X Hunter (2011): Season 1: Showdown x on x the Airship","9/6/20"
"Hunter X Hunter (2011): Season 3: Assault x and x Impact","9/5/20"
"Hunter X Hunter (2011): Season 3: Alies x and x Lies","9/5/20"
"Hunter X Hunter (2011): Season 3: Fortunes x Aren't x Right?","9/5/20"
"Hunter X Hunter (2011): Season 3: Fake x and x Psyche","9/5/20"
"Hunter X Hunter (2011): Season 1: A x Surprising x Challenge","9/5/20"
"Hunter X Hunter (2011): Season 1: Hisoka x Is x Sneaky","9/5/20"
"Hunter X Hunter (2011): Season 1: Hope x and x Ambition","9/5/20"
"Hunter X Hunter (2011): Season 1: Departure x and x Friends","9/5/20"
"Bee Movie","8/25/20"
"The Legend of Korra: Book One: Air: The Spirit of Competition","8/19/20"
"The Legend of Korra: Book One: Air: The Voice in the Night","8/19/20"
"The Legend of Korra: Book One: Air: The Revelation","8/19/20"
"The Legend of Korra: Book One: Air: A Leaf in the Wind","8/19/20"
"The Legend of Korra: Book One: Air: Welcome to Republic City","8/19/20"
"Queer Eye: Season 5: Paging Dr. Yi","8/15/20"
"Queer Eye: Season 5: Father Knows Fish","8/13/20"
"Queer Eye: Season 5: Silver Lining Sweeney","8/13/20"
"Queer Eye: Season 5: DJ's on Repeat","8/13/20"
"Queer Eye: Season 5: The Anxious Activist","8/9/20"
"Queer Eye: Season 5: The North Philadelphia Story","8/9/20"
"Queer Eye: Season 5: Father of the Bride","8/9/20"
"Queer Eye: Season 5: Groomer Has It","8/9/20"
"Queer Eye: Season 5: Preaching Out Loud","8/8/20"
"Schitt's Creek: Season 1: The Drip","8/8/20"
"Schitt's Creek: Season 1: Our Cup Runneth Over","8/8/20"
"Indian Matchmaking: Season 1: Adjustment and Compromise","8/8/20"
"Indian Matchmaking: Season 1: Marriages Are Breaking like Biscuits","8/8/20"
"Indian Matchmaking: Season 1: It’s High Time","8/8/20"
"Indian Matchmaking: Season 1: Take the Elephant out of the Room","8/7/20"
"Indian Matchmaking: Season 1: I Want to See You Again","8/7/20"
"Indian Matchmaking: Season 1: I’m Trying My Best!","8/7/20"
"Indian Matchmaking: Season 1: Just Find Me Someone!","8/7/20"
"Indian Matchmaking: Season 1: Slim, Trim and Educated","8/7/20"
"Inception","8/7/20"
"The Dragon Prince: Season 1: Echoes of Thunder","8/5/20"
"Avatar: The Last Airbender: Book 1: The King of Omashu","8/5/20"
"Avatar: The Last Airbender: Book 1: The Warriors of Kyoshi","8/5/20"
"Avatar: The Last Airbender: Book 1: The Southern Air Temple","8/5/20"
"Avatar: The Last Airbender: Book 1: The Avatar Returns","8/5/20"
"Avatar: The Last Airbender: Book 1: The Boy in the Iceberg","8/5/20"
"The Dragon Prince: Season 3: The Final Battle","8/3/20"
"The Dragon Prince: Season 3: Dragonguard","8/3/20"
"The Dragon Prince: Season 3: Hearts of Cinder","8/3/20"
"The Dragon Prince: Season 3: Thunderfall","8/3/20"
"The Dragon Prince: Season 3: Heroes and Masterminds","8/3/20"
"The Dragon Prince: Season 3: The Midnight Desert","8/3/20"
"The Dragon Prince: Season 3: Ghost","8/3/20"
"The Dragon Prince: Season 3: The Crown","8/3/20"
"The Dragon Prince: Season 3: Sol Regem","8/2/20"
"The Dragon Prince: Season 2: Breathe","8/2/20"
"The Dragon Prince: Season 2: The Book of Destiny","8/2/20"
"The Dragon Prince: Season 2: Fire and Fury","8/2/20"
"The Dragon Prince: Season 2: Heart of a Titan","8/2/20"
"The Dragon Prince: Season 2: Breaking the Seal","8/2/20"
"The Dragon Prince: Season 2: Voyage of the Ruthless","8/2/20"
"The Dragon Prince: Season 2: Smoke and Mirrors","8/2/20"
"The Dragon Prince: Season 2: Half Moon Lies","8/2/20"
"The Dragon Prince: Season 2: A Secret and a Spark","8/2/20"
"The Dragon Prince: Season 1: Wonderstorm","8/2/20"
"The Dragon Prince: Season 1: Cursed Caldera","8/2/20"
"The Dragon Prince: Season 1: The Dagger and the Wolf","8/2/20"
"The Dragon Prince: Season 1: Through the Ice","8/2/20"
"The Dragon Prince: Season 1: An Empty Throne","8/2/20"
"The Dragon Prince: Season 1: Bloodthirsty","8/2/20"
"The Umbrella Academy: Season 2: Right Back Where We Started","8/1/20"
"The Dragon Prince: Season 1: Moonrise","8/1/20"
"The Dragon Prince: Season 1: What Is Done","8/1/20"
"The Speed Cubers","8/1/20"
"Avatar: The Last Airbender: Book 3: Sozin's Comet","7/30/20"
"Avatar: The Last Airbender: Book 3: The Ember Island Players","7/30/20"
"Avatar: The Last Airbender: Book 3: The Southern Raiders","7/30/20"
"Avatar: The Last Airbender: Book 3: The Boiling Rock","7/30/20"
"Avatar: The Last Airbender: Book 3: The Firebending Masters","7/30/20"
"Avatar: The Last Airbender: Book 3: The Western Air Temple","7/30/20"
"Avatar: The Last Airbender: Book 3: Day of the Black Sun","7/30/20"
"Avatar: The Last Airbender: Book 3: Nightmares and Daydreams","7/30/20"
"Avatar: The Last Airbender: Book 3: The Puppetmaster","7/29/20"
"Avatar: The Last Airbender: Book 3: The Runaway","7/29/20"
"Avatar: The Last Airbender: Book 3: The Avatar and the Firelord","7/29/20"
"Avatar: The Last Airbender: Book 3: The Beach","7/29/20"
"Avatar: The Last Airbender: Book 3: Sokka's Master","7/29/20"
"Avatar: The Last Airbender: Book 3: The Painted Lady","7/29/20"
"Avatar: The Last Airbender: Book 3: The Headband","7/29/20"
"Avatar: The Last Airbender: Book 3: The Awakening","7/29/20"
"Avatar: The Last Airbender: Book 2: The Guru / The Crossroads of Destiny","7/29/20"
"Avatar: The Last Airbender: Book 2: The Earth King","7/29/20"
"Avatar: The Last Airbender: Book 2: Lake Laogai","7/29/20"
"Avatar: The Last Airbender: Book 2: Appa's Lost Days","7/29/20"
"Avatar: The Last Airbender: Book 2: Tales of Ba Sing Se","7/29/20"
"Avatar: The Last Airbender: Book 2: City of Walls and Secrets","7/29/20"
"Avatar: The Last Airbender: Book 2: The Secret of the Fire Nation","7/29/20"
"Avatar: The Last Airbender: Book 2: The Desert","7/29/20"
"Avatar: The Last Airbender: Book 2: The Library","7/29/20"
"Avatar: The Last Airbender: Book 2: Bitter Work","7/29/20"
"Avatar: The Last Airbender: Book 2: The Chase","7/28/20"
"Avatar: The Last Airbender: Book 2: Zuko Alone","7/28/20"
"Avatar: The Last Airbender: Book 2: The Blind Bandit","7/28/20"
"Avatar: The Last Airbender: Book 2: Avatar Day","7/28/20"
"Avatar: The Last Airbender: Book 2: The Swamp","7/28/20"
"Avatar: The Last Airbender: Book 2: Return to Omashu","7/28/20"
"Avatar: The Last Airbender: Book 2: The Cave of Two Lovers","7/28/20"
"Avatar: The Last Airbender: Book 2: The Avatar State","7/28/20"
"Avatar: The Last Airbender: Book 1: The Siege of the North: Part 2","7/28/20"
"Avatar: The Last Airbender: Book 1: The Siege of the North: Part 1","7/26/20"
"Avatar: The Last Airbender: Book 1: The Waterbending Master","7/26/20"
"Avatar: The Last Airbender: Book 1: The Northern Air Temple","7/25/20"
"Avatar: The Last Airbender: Book 1: The Deserter","7/25/20"
"Avatar: The Last Airbender: Book 1: Bato of the Water Tribe","7/25/20"
"Avatar: The Last Airbender: Book 1: The Fortune-Teller","7/25/20"
"Avatar: The Last Airbender: Book 1: The Blue Spirit","7/25/20"
"Avatar: The Last Airbender: Book 1: The Storm","7/25/20"
"Our Planet: Season 1: Jungles","7/16/20"
"Burn After Reading","7/12/20"
"Avatar: The Last Airbender: Book 1: The Great Divide","6/23/20"
"Avatar: The Last Airbender: Book 1: Jet","6/23/20"
"Shutter Island","6/16/20"
"Night on Earth: Limited Series: Moonlit Plains","6/6/20"
"Infernal Affairs","6/4/20"
"Miraculous: Tales of Ladybug & Cat Noir: Season 2: Part 2: Queen Wasp: The Queen's Battle: Part 2","6/4/20"
"Miraculous: Tales of Ladybug & Cat Noir: Season 2: Part 2: Troublemaker","6/4/20"
"Miraculous: Tales of Ladybug & Cat Noir: Season 2: Part 2: Style Queen: The Queen's Battle: Part 1","6/4/20"
"Miraculous: Tales of Ladybug & Cat Noir: Season 2: Part 2: Frozer","6/4/20"
"Miraculous: Tales of Ladybug & Cat Noir: Season 2: Part 2: Zombizou","6/4/20"
"Miraculous: Tales of Ladybug & Cat Noir: Season 2: Part 2: Syren","6/4/20"
"Our Planet: Season 1: Forests","5/30/20"
"Our Planet: Season 1: Fresh Water","5/30/20"
"Our Planet: Season 1: The High Seas","5/30/20"
"Our Planet: Season 1: From Deserts to Grasslands","5/28/20"
"Our Planet: Season 1: Coastal Seas","5/28/20"
"Our Planet: Season 1: Frozen Worlds","5/27/20"
"Taylor Tomlinson: Quarter-Life Crisis","5/26/20"
"New Girl: Season 2: Models","5/26/20"
"New Girl: Season 1: Control","5/26/20"
"New Girl: Season 1: Injured","5/25/20"
"New Girl: Season 1: Bully","5/25/20"
"New Girl: Season 1: Valentine's Day","5/25/20"
"New Girl: Season 1: The Landlord","5/25/20"
"New Girl: Season 1: Pilot","5/25/20"
"Iliza Shlesinger: Elder Millennial","5/25/20"
"Our Planet: Season 1: One Planet","5/25/20"
"New Girl: Season 1: Jess and Julia","5/24/20"
"New Girl: Season 1: The Story of the 50","5/24/20"
"New Girl: Season 1: The 23rd","5/24/20"
"New Girl: Season 1: Bad in Bed","5/24/20"
"New Girl: Season 1: Bells","5/24/20"
"New Girl: Season 1: Thanksgiving","5/23/20"
"New Girl: Season 1: Cece Crashes","5/23/20"
"New Girl: Season 1: Naked","5/23/20"
"New Girl: Season 1: Wedding","5/23/20"
"New Girl: Season 1: Kryptonite","5/23/20"
"Hasan Minhaj: Homecoming King","5/23/20"
"The Incredibles 2","5/23/20"
"Incredibles 2 (Spanish Version)","5/23/20"
"Miraculous: Tales of Ladybug & Cat Noir: Season 1: The Bubbler","5/20/20"
"Miraculous: Ladybug & Cat Noir: Happy Birthday to You!","5/20/20"
"The IT Crowd: Series 1: Yesterday's Jam","5/17/20"
"A Christmas Special: Miraculous: Tales of Ladybug & Cat Noir","5/17/20"
"Scooby-Doo!: Mystery Incorporated: Season 1: Beware the Beast from Below","5/17/20"
"Patriot Act with Hasan Minhaj: Volume 1: Content Moderation and Free Speech","5/17/20"
"Patriot Act with Hasan Minhaj: Volume 6: What Happens If You Can't Pay Rent?","5/17/20"
"Miraculous: Tales of Ladybug & Cat Noir: Season 3: Part 2: Miracle Queen","5/16/20"
"Miraculous: Tales of Ladybug & Cat Noir: Season 3: Part 2: Heart Hunter","5/16/20"
"Miraculous: Tales of Ladybug & Cat Noir: Season 3: Part 2: Ladybug","5/16/20"
"Miraculous: Tales of Ladybug & Cat Noir: Season 3: Part 2: Felix","5/16/20"
"Miraculous: Tales of Ladybug & Cat Noir: Season 3: Part 2: Cat Blanc","5/16/20"
"Miraculous: Tales of Ladybug & Cat Noir: Season 3: Part 2: Timetagger","5/16/20"
"Miraculous: Tales of Ladybug & Cat Noir: Season 3: Part 2: Startrain","5/16/20"
"Miraculous: Tales of Ladybug & Cat Noir: Season 3: Part 2: Desperada","5/16/20"
"Miraculous: Tales of Ladybug & Cat Noir: Season 3: Part 2: Ikari Gozen","5/16/20"
"Miraculous: Tales of Ladybug & Cat Noir: Season 3: Part 2: Reflekdoll","5/16/20"
"Miraculous: Tales of Ladybug & Cat Noir: Season 3: Part 2: Feast","5/16/20"
"Miraculous: Tales of Ladybug & Cat Noir: Season 3: Part 2: Kwamibuster","5/16/20"
"Miraculous: Tales of Ladybug & Cat Noir: Season 3: Part 2: Stormy Weather 2","5/16/20"
"Miraculous: Tales of Ladybug & Cat Noir: Season 3: Part 1: The Puppeteer 2","5/16/20"
"Miraculous: Tales of Ladybug & Cat Noir: Season 3: Part 1: Chris Master","5/16/20"
"Miraculous: Tales of Ladybug & Cat Noir: Season 3: Part 1: Party Crasher","5/16/20"
"Miraculous: Tales of Ladybug & Cat Noir: Season 3: Part 1: Oblivio","5/16/20"
"Miraculous: Tales of Ladybug & Cat Noir: Season 3: Part 1: Miraculer","5/14/20"
"Miraculous: Tales of Ladybug & Cat Noir: Season 3: Part 1: Oni-Chan","5/14/20"
"Miraculous: Tales of Ladybug & Cat Noir: Season 3: Part 1: Silencer","5/14/20"
"Miraculous: Tales of Ladybug & Cat Noir: Season 3: Part 1: Weredad","5/12/20"
"Miraculous: Tales of Ladybug & Cat Noir: Season 3: Part 1: Gamer 2.0","5/11/20"
"Miraculous: Tales of Ladybug & Cat Noir: Season 3: Part 1: Backwarder","5/11/20"
"Miraculous: Tales of Ladybug & Cat Noir: Season 3: Part 1: Bakerix","5/11/20"
"Miraculous: Tales of Ladybug & Cat Noir: Season 3: Part 1: Animaestro","5/11/20"
"Miraculous: Tales of Ladybug & Cat Noir: Season 3: Part 1: Chameleon","5/11/20"
"Miraculous: Tales of Ladybug & Cat Noir: Season 2: Part 2: Mayura: Heroes' Day: Part 2","5/11/20"
"Miraculous: Tales of Ladybug & Cat Noir: Season 2: Part 2: Catalyst: Heroes' Day: Part 1","5/10/20"
"Miraculous: Tales of Ladybug & Cat Noir: Season 2: Part 2: Sandboy","5/10/20"
"Miraculous: Tales of Ladybug & Cat Noir: Season 2: Part 2: Malediktator","5/10/20"
"Miraculous: Tales of Ladybug & Cat Noir: Season 2: Part 2: Anansi","5/10/20"
"Miraculous: Tales of Ladybug & Cat Noir: Season 2: Part 2: Reverser","5/10/20"
"Miraculous: Tales of Ladybug & Cat Noir: Season 2: Part 2: Frightningale","5/10/20"
"Miraculous: Tales of Ladybug & Cat Noir: Season 2: Part 1: Captain Hardrock","5/10/20"
"Miraculous: Tales of Ladybug & Cat Noir: Season 2: Part 1: The Gorilla","5/10/20"
"Miraculous: Tales of Ladybug & Cat Noir: Season 2: Part 1: The Sapotis","5/8/20"
"Miraculous: Tales of Ladybug & Cat Noir: Season 2: Part 1: Glaciator","5/8/20"
"Miraculous: Tales of Ladybug & Cat Noir: Season 2: Part 1: Gigantitan","5/7/20"
"Miraculous: Tales of Ladybug & Cat Noir: Season 2: Part 1: The Dark Owl","5/7/20"
"Miraculous: Tales of Ladybug & Cat Noir: Season 2: Part 1: Robostus","5/7/20"
"Miraculous: Tales of Ladybug & Cat Noir: Season 2: Part 1: Befana","5/7/20"
"Miraculous: Tales of Ladybug & Cat Noir: Season 2: Part 1: Riposte","5/7/20"
"Miraculous: Tales of Ladybug & Cat Noir: Season 2: Part 1: Despair Bear","5/7/20"
"Miraculous: Tales of Ladybug & Cat Noir: Season 2: Part 1: Prime Queen","5/7/20"
"Miraculous: Tales of Ladybug & Cat Noir: Season 2: Part 1: The Collector","5/6/20"
"Miraculous: Tales of Ladybug & Cat Noir: Season 1: Volpina","5/6/20"
"Miraculous: Tales of Ladybug & Cat Noir: Season 1: Antibug","5/6/20"
"Miraculous: Tales of Ladybug & Cat Noir: Season 1: The Puppeteer","5/6/20"
"Miraculous: Tales of Ladybug & Cat Noir: Season 1: Reflekta","5/6/20"
"Miraculous: Tales of Ladybug & Cat Noir: Season 1: Gamer","5/6/20"
"Miraculous: Tales of Ladybug & Cat Noir: Season 1: Kung Food","5/6/20"
"Miraculous: Tales of Ladybug & Cat Noir: Season 1: Guitar Villain","5/6/20"
"Miraculous: Tales of Ladybug & Cat Noir: Season 1: Pixelator","5/6/20"
"Miraculous: Tales of Ladybug & Cat Noir: Season 1: Simon Says","5/6/20"
"Miraculous: Tales of Ladybug & Cat Noir: Season 1: Animan","5/6/20"
"Miraculous: Tales of Ladybug & Cat Noir: Season 1: Stoneheart: Origins: Pt. 2","5/6/20"
"Miraculous: Tales of Ladybug & Cat Noir: Season 1: Ladybug & Cat Noir: Origins: Pt. 1","5/6/20"
"Miraculous: Tales of Ladybug & Cat Noir: Season 1: Princess Fragrance","5/6/20"
"Miraculous: Tales of Ladybug & Cat Noir: Season 1: The Mime","5/6/20"
"Miraculous: Tales of Ladybug & Cat Noir: Season 1: Darkblade","5/5/20"
"Miraculous: Tales of Ladybug & Cat Noir: Season 1: Horrificator","5/5/20"
"Miraculous: Tales of Ladybug & Cat Noir: Season 1: Dark Cupid","5/5/20"
"Miraculous: Tales of Ladybug & Cat Noir: Season 1: Rogercop","5/5/20"
"Miraculous: Tales of Ladybug & Cat Noir: Season 1: The Evillustrator","5/5/20"
"Miraculous: Tales of Ladybug & Cat Noir: Season 1: Lady Wifi","5/5/20"
"Miraculous: Tales of Ladybug & Cat Noir: Season 1: The Pharaoh","5/5/20"
"Miraculous: Tales of Ladybug & Cat Noir: Season 1: Copycat","5/5/20"
"Miraculous: Tales of Ladybug & Cat Noir: Season 1: Timebreaker","5/5/20"
"Miraculous: Tales of Ladybug & Cat Noir: Season 1: Stormy Weather","5/5/20"
"Dave Chappelle: Equanimity & The Bird Revelation: Collection: Dave Chappelle: Equanimity","5/5/20"
"Todd Barry: Spicy Honey","5/5/20"
"Miraculous: Tales of Ladybug & Cat Noir: Season 1: Mr. Pigeon","5/4/20"
"Making a Murderer: Part 1: Eighteen Years Lost","5/4/20"
"Dave Chappelle: Collection: The Age of Spin: Dave Chappelle Live at The Hollywood Palladium","5/4/20"
"Dave Chappelle: Equanimity & The Bird Revelation: Collection: Dave Chappelle: The Bird Revelation","5/4/20"
"Yours Sincerely, Kanan Gill","5/3/20"
"COMEDIANS of the world: US: Chris D'Elia","4/30/20"
"COMEDIANS of the world: US: Neal Brennan","4/30/20"
"The Death of Stalin","4/28/20"
"Chris D'Elia: No Pain","4/28/20"
"Dave Chappelle: Sticks & Stones","4/27/20"
"Amy Schumer Growing","4/26/20"
"Chris D'Elia: Incorrigible","4/26/20"
"Middleditch & Schwartz: Season 1: Parking Lot Wedding","4/23/20"
"Catfish","4/17/20"
"Oh, Hello On Broadway","4/17/20"
"Queer Eye: Season 3: Elrod & Sons","4/13/20"
"Community: Season 1: Spanish 101","4/13/20"
"Community: Season 1: Community","4/13/20"
"Bo Burnham: Make Happy","4/9/20"
"Bo Burnham: what.","4/6/20"
"Ricky Gervais: Humanity","3/24/20"
"James Acaster: Repertoire: Collection: Recognise","3/23/20"
"James Acaster: Repertoire: Collection: Represent","3/23/20"
"Ronny Chieng: Asian Comedian Destroys America!","3/8/20"
"Her","3/4/20"
"Queer Eye: Season 4: Farm to Able","3/3/20"
"Queer Eye: Season 4: Soldier Returns Home","3/3/20"
"Queer Eye: Season 4: A Tale of Two Cultures","3/3/20"
"Pete Davidson: Alive From New York","3/2/20"
"Don't F**k with Cats: Hunting an Internet Killer: Limited Series: Closing the Net","1/17/20"
"Mad Men: Season 1: Smoke Gets in Your Eyes","12/29/19"
"Glow Up: Season 1: The Final","12/28/19"
"Glow Up: Season 1: Makeup Through the Decades","12/27/19"
"Glow Up: Season 1: London Fashion Week","12/21/19"
"Glow Up: Season 1: West End Theatre","12/21/19"
"Glow Up: Season 1: Red Carpet","12/20/19"
"Glow Up: Season 1: Social Media","12/20/19"
"Glow Up: Season 1: Movie Prosthetics","12/20/19"
"Glow Up: Season 1: Magazine Beauty Editorial","12/20/19"
"The Good Place: Season 1: Tahani Al-Jamil","11/28/19"
"The Good Place: Season 1: Flying","11/28/19"
"The Good Place: Season 1: Everything Is Fine","11/28/19"
"Parks and Recreation: Season 4: Dave Returns","11/28/19"
"Sherlock: Series 1: A Study in Pink","10/26/19"
"Little Baby Bum: Nursery Rhyme Friends: Season 1: Little Baby Bum: Nursery Rhymes - Greatest Hits Volume 1","10/25/19"
"Interior Design Masters: Season 1: Episode 1","10/25/19"
"Big Mouth: Season 3: Super Mouth","10/20/19"
"Big Mouth: Season 3: Disclosure the Movie: The Musical!","10/19/19"
"Big Mouth: Season 3: The ASSes","10/19/19"
"Big Mouth: Season 3: Rankings","10/18/19"
"Big Mouth: Season 3: Duke","10/18/19"
"Big Mouth: Season 3: How To Have An Orgasm","10/18/19"
"Big Mouth: Season 3: Florida","10/18/19"
"Big Mouth: Season 3: Obsessed","10/18/19"
"Big Mouth: Season 3: Cellsea","10/18/19"
"Madagascar: Escape 2 Africa","10/18/19"
"Louis C.K.: Live at the Comedy Store","10/16/19"
"Coco","10/16/19"
"The Great British Baking Show: Collection 2: Quarter Final","10/8/19"
"Big Mouth: Season 3: Girls Are Angry Too","10/8/19"
"Big Mouth: Season 3: My Furry Valentine","10/8/19"
"Planet Earth II: Islands","10/4/19"
"A Korean Odyssey: Season 1: Episode 18","10/2/19"
"Tall Girl","10/2/19"
"Nikki Glaser: Bangin’","10/2/19"
"The Great British Baking Show: Collection 2: Pastry","9/27/19"
"The Great British Baking Show: Collection 2: Sweet Dough","9/27/19"
"The Great British Baking Show: Collection 2: Biscuits and Traybakes","9/27/19"
"The Great British Baking Show: Collection 2: Pies and Tarts","9/26/19"
"The Great British Baking Show: Collection 2: Desserts","9/26/19"
"The Great British Baking Show: Collection 2: Bread","9/26/19"
"The Great British Baking Show: Collection 2: Cakes","9/25/19"
"The Great British Baking Show: Collection 7: Cake Week","9/25/19"
"The Good Place: Season 2: Somewhere Else","9/25/19"
"The Good Place: Season 2: The Burrito","9/24/19"
"The Good Place: Season 2: Rhonda, Diana, Jake, and Trent","9/23/19"
"The Good Place: Season 2: Best Self","9/23/19"
"The Good Place: Season 2: Leap to Faith","9/23/19"
"The Good Place: Season 2: Derek","9/23/19"
"The Good Place: Season 2: Janet and Michael","9/23/19"
"The Good Place: Season 2: The Trolley Problem","9/23/19"
"The Good Place: Season 2: Existential Crisis","9/23/19"
"Queer Eye: Season 4: On Golden Kenny","9/23/19"
"A Korean Odyssey: Season 1: Episode 17","9/23/19"
"A Korean Odyssey: Season 1: Episode 16","9/23/19"
"A Korean Odyssey: Season 1: Episode 15","9/22/19"
"A Korean Odyssey: Season 1: Episode 14","9/22/19"
"A Korean Odyssey: Season 1: Episode 13","9/21/19"
"A Korean Odyssey: Season 1: Episode 12","9/21/19"
"A Korean Odyssey: Season 1: Episode 11","9/21/19"
"A Korean Odyssey: Season 1: Episode 10","9/21/19"
"A Korean Odyssey: Season 1: Episode 9","9/20/19"
"A Korean Odyssey: Season 1: Episode 8","9/20/19"
"A Korean Odyssey: Season 1: Episode 7","9/19/19"
"A Korean Odyssey: Season 1: Episode 6","9/19/19"
"A Korean Odyssey: Season 1: Episode 5","9/19/19"
"A Korean Odyssey: Season 1: Episode 4","9/19/19"
"A Korean Odyssey: Season 1: Episode 3","9/19/19"
"A Korean Odyssey: Season 1: Episode 2","9/19/19"
"A Korean Odyssey: Season 1: Episode 1","9/18/19"
"Daniel Sloss: Live Shows: Season 1: Dark","9/13/19"
"The Great British Baking Show: Collection 1: The Final","9/12/19"
"The Great British Baking Show: Collection 1: Patisserie","9/12/19"
"The Great British Baking Show: Collection 1: Advanced Dough","9/12/19"
"The Great British Baking Show: Collection 1: Pastries","9/12/19"
"The Great British Baking Show: Collection 1: Continental Cake","9/11/19"
"The Great British Baking Show: Collection 1: Pies and Tarts","9/11/19"
"The Great British Baking Show: Collection 1: Desserts","9/11/19"
"The Great British Baking Show: Collection 1: Bread","9/11/19"
"The Great British Baking Show: Collection 1: Biscuits","9/10/19"
"True and the Rainbow Kingdom: Wild Wild Yetis: Mount Huffinpuff","9/6/19"
"True and the Rainbow Kingdom: Wild Wild Yetis: Yeti Sitting","9/6/19"
"Queer Eye: Season 4: How Wanda Got Her Groove Back","9/5/19"
"Queer Eye: Season 4: Stoner Skates By","9/5/19"
"True and the Rainbow Kingdom: Wild Wild Yetis: Itty Bitty Yeti","9/5/19"
"Queer Eye: Season 4: Disabled but Not Really","8/26/19"
"Queer Eye: Season 4: Without Further Ado","8/26/19"
"Louis C.K. 2017","8/21/19"
"Louis C.K.: Hilarious","8/21/19"
"Ali Wong: Hard Knock Wife","8/21/19"
"Big Mouth: Season 2: The Department of Puberty","8/20/19"
"Big Mouth: Season 2: Smooch or Share","8/20/19"
"Big Mouth: Season 2: Dark Side of the Boob","8/20/19"
"Big Mouth: Season 2: Guy Town","8/20/19"
"Big Mouth: Season 2: Drug Buddies","8/20/19"
"Big Mouth: Season 2: The Planned Parenthood Show","8/19/19"
"Big Mouth: Season 2: Steve the Virgin","8/19/19"
"Big Mouth: Season 2: The Shame Wizard","8/19/19"
"Big Mouth: Season 2: What Is It About Boobs?","8/19/19"
"Big Mouth: Season 2: Am I Normal?","8/19/19"
"Big Mouth: Season 1: The Pornscape","8/19/19"
"Queer Eye: Season 3: Baby on Board","8/14/19"
"Big Mouth: Season 1: I Survived Jessi's Bat Mitzvah","8/14/19"
"Big Mouth: Season 1: The Head Push","8/14/19"
"Big Mouth: Season 1: Requiem for a Wet Dream","8/14/19"
"Big Mouth: Season 1: Pillow Talk","8/14/19"
"Big Mouth: Season 1: Girls Are Horny Too","8/14/19"
"Big Mouth: Season 1: Sleepover: A Harrowing Ordeal of Emotional Brutality","8/13/19"
"Big Mouth: Season 1: Am I Gay?","8/13/19"
"Big Mouth: Season 1: Everybody Bleeds","8/13/19"
"Big Mouth: Season 1: Ejaculation","8/13/19"
"Dave Chappelle: Collection: Deep in the Heart of Texas: Dave Chappelle Live at Austin City Limits","8/13/19"
"Queer Eye: Season 3: Sloth to Slay","8/12/19"
"Queer Eye: Season 3: Black Girl Magic","8/9/19"
"Queer Eye: Season 3: When Robert Met Jamie","8/9/19"
"Queer Eye: Season 3: Jones Bar-B-Q","8/8/19"
"Queer Eye: Season 3: Lost Boy","8/8/19"
"Queer Eye: Season 3: From Hunter to Huntee","8/8/19"
"Queer Eye: Season 2: Make Ted Great Again","8/8/19"
"Queer Eye: Season 2: Bedazzled","8/8/19"
"Queer Eye: Season 2: Big Little Lies","8/7/19"
"Queer Eye: Season 2: Sky's the Limit","8/7/19"
"Queer Eye: Season 2: The Handyman Can","8/7/19"
"Queer Eye: Season 2: Unleash the Sexy Beast","8/7/19"
"Queer Eye: Season 2: A Decent Proposal","8/7/19"
"Great Interior Design Challenge: Season 3: Converted Leisure Centre","8/5/19"
"Great Interior Design Challenge: Season 2: Stately Home","8/5/19"
"Great Interior Design Challenge: Season 2: Tenements","8/5/19"
"Great Interior Design Challenge: Season 2: School Conversion","8/5/19"
"Great Interior Design Challenge: Season 2: Complex","8/5/19"
"Great Interior Design Challenge: Season 2: Houseboats","8/5/19"
"Great Interior Design Challenge: Season 2: Edwardian Wimbledon","8/4/19"
"Great Interior Design Challenge: Season 2: Oast Houses","8/4/19"
"Great Interior Design Challenge: Season 2: 1930’s Apartments","8/4/19"
"Great Interior Design Challenge: Season 2: Port Sunlight","8/4/19"
"Great Interior Design Challenge: Season 2: Eco Homes","8/4/19"
"Great Interior Design Challenge: Season 2: Welwyn Garden City","8/4/19"
"Great Interior Design Challenge: Season 2: Fishermen's Cottages","8/4/19"
"Spider-Man: Into the Spider-Verse","8/3/19"
"Great Interior Design Challenge: Season 2: Medieval","8/3/19"
"Great Interior Design Challenge: Season 2: Victorian London","8/3/19"
"Friends: Season 2: The One with Ross's New Girlfriend","8/3/19"
"Friends: Season 1: The One Where Monica Gets a Roommate (Pilot)","8/3/19"
"Queer Eye: Season 2: God Bless Gay","7/31/19"
"Great Interior Design Challenge: Season 2: Beach Huts","7/28/19"
"Great Interior Design Challenge: Season 2: Cotswolds","7/28/19"
"Queer Eye: Season 1: Hose Before Bros","7/27/19"
"Queer Eye: Season 1: Below Average Joe","7/27/19"
"Queer Eye: Season 1: The Renaissance of Remington","7/27/19"
"Queer Eye: Season 1: Camp Rules","7/27/19"
"Queer Eye: Season 1: To Gay or Not Too Gay","7/27/19"
"Queer Eye: Season 1: Dega Don't","7/27/19"
"Queer Eye: Season 1: Saving Sasquatch","7/27/19"
"Queer Eye: Season 1: You Can't Fix Ugly","7/27/19"
"Donald Glover: Weirdo","7/26/19"
"Kevin Hart: Seriously Funny","7/24/19"
"The Good Place: Season 2: Team Cockroach","7/20/19"
"The Good Place: Season 2: Dance Dance Resolution","7/20/19"
"","7/19/19"
"The Umbrella Academy: Season 1: The White Violin","7/14/19"
"The Umbrella Academy: Season 1: Changes","7/14/19"
"The Umbrella Academy: Season 1: I Heard a Rumor","7/14/19"
"The Umbrella Academy: Season 1: The Day That Was","7/14/19"
"The Umbrella Academy: Season 1: The Day That Wasn't","7/14/19"
"The Umbrella Academy: Season 1: Number Five","7/14/19"
"The Umbrella Academy: Season 1: Man on the Moon","7/14/19"
"The Umbrella Academy: Season 1: Extra Ordinary","7/14/19"
"The Umbrella Academy: Season 1: Run Boy Run","7/14/19"
"The Umbrella Academy: Season 1: We Only See Each Other at Weddings and Funerals","7/14/19"
"Always Be My Maybe","6/3/19"
"Tidying Up with Marie Kondo: Season 1: Tidying With Toddlers","6/3/19"
